{
    "epoch_loss_values": [
        0.9125906258821488,
        0.7837722556931632,
        0.6969407991721079,
        0.6521757530669371,
        0.5883388512513854,
        0.5709488786756992,
        0.5573296315140195,
        0.5502240629866719,
        0.5004762741071838,
        0.5017125109831492,
        0.4861686319112778,
        0.4639889523386955,
        0.4843941579262416,
        0.4988313764333725,
        0.48392635583877563,
        0.45734784338209367,
        0.43499113998170624,
        0.4561480557376688,
        0.41575250029563904,
        0.4277367281152847,
        0.4223872069702592,
        0.43386254555139786,
        0.3797092752797263,
        0.38445716375304806,
        0.4304204450713264,
        0.3837364957384441,
        0.38882320727172653,
        0.3672066589196523,
        0.3971885686570948,
        0.4289370434624808,
        0.4379952649275462,
        0.37238057606643243,
        0.39831359812925604,
        0.3749076395674988,
        0.35681048601865767,
        0.364145845822666,
        0.3613579954419817,
        0.35039757192134857,
        0.38894904799321117,
        0.33675647974014283,
        0.3485293760895729,
        0.3780246993357485,
        0.3331588879227638,
        0.3453089530978884,
        0.3809348911046982,
        0.29344579577445984,
        0.33803941309452057,
        0.35461278039900984,
        0.3618743494153023,
        0.34865974142866313,
        0.3466518153341449,
        0.3161331743001938,
        0.34196727777399666,
        0.3311448451635,
        0.32786167909701663,
        0.35689073492740764,
        0.35574829757213594,
        0.31834474986507777,
        0.3684445128721349,
        0.33582266248189485
    ],
    "metric_values": [
        0.4890892505645752,
        0.5414018034934998,
        0.5613572597503662,
        0.5871226191520691,
        0.5836524367332458,
        0.5964064598083496,
        0.6304365992546082,
        0.6455982327461243,
        0.6438539624214172,
        0.6818693280220032,
        0.6740118861198425,
        0.6616958379745483,
        0.6575053334236145,
        0.6820123791694641,
        0.6584153175354004,
        0.6684356331825256,
        0.7082239985466003,
        0.6964282989501953,
        0.7219271659851074,
        0.6904863715171814,
        0.707057774066925,
        0.7127161026000977,
        0.7173606753349304,
        0.7240004539489746,
        0.7037522792816162,
        0.724133312702179,
        0.7085164189338684,
        0.6844452023506165,
        0.7005437016487122,
        0.7298358082771301,
        0.7324506640434265,
        0.6942300796508789,
        0.7312905788421631,
        0.7220836281776428,
        0.7175645232200623,
        0.7413865923881531,
        0.7119116187095642,
        0.7077011466026306,
        0.7015805840492249,
        0.7102835178375244,
        0.713017463684082,
        0.7064788341522217,
        0.6903629302978516,
        0.7209318280220032,
        0.6959936022758484,
        0.7196912169456482,
        0.7200779914855957,
        0.7175022959709167,
        0.7110781073570251,
        0.6892783045768738,
        0.696254551410675,
        0.6972581744194031,
        0.7177160382270813,
        0.7329939007759094,
        0.6955986618995667,
        0.7102221846580505,
        0.7000793814659119,
        0.7281641960144043,
        0.688366711139679,
        0.7043430209159851
    ],
    "asd_values": [
        74.22550201416016,
        Infinity,
        Infinity,
        Infinity,
        29.938690185546875,
        23.645706176757812,
        14.473177909851074,
        16.311689376831055,
        16.148544311523438,
        15.079920768737793,
        15.550582885742188,
        18.20594024658203,
        20.835664749145508,
        14.096840858459473,
        18.8304443359375,
        21.173004150390625,
        11.242935180664062,
        16.531396865844727,
        15.169732093811035,
        15.033966064453125,
        18.711990356445312,
        19.13313865661621,
        13.490168571472168,
        12.844188690185547,
        18.49323272705078,
        16.981637954711914,
        13.67651081085205,
        19.97634506225586,
        9.978939056396484,
        12.844508171081543,
        13.683056831359863,
        15.84190845489502,
        12.88270092010498,
        15.290626525878906,
        12.964200019836426,
        14.895060539245605,
        18.808382034301758,
        20.912246704101562,
        16.96885108947754,
        11.040711402893066,
        12.3410005569458,
        13.920982360839844,
        18.020896911621094,
        17.14969825744629,
        16.772897720336914,
        17.60597801208496,
        13.759325981140137,
        17.395540237426758,
        13.820876121520996,
        14.727558135986328,
        13.72354793548584,
        12.812304496765137,
        20.028438568115234,
        15.284794807434082,
        12.625797271728516,
        11.86478042602539,
        15.88561725616455,
        15.593666076660156,
        9.365212440490723,
        16.226579666137695
    ],
    "iou_values": [
        0.4302428662776947,
        0.4827018678188324,
        0.5059188008308411,
        0.5396208763122559,
        0.5348902940750122,
        0.5401126742362976,
        0.5830932855606079,
        0.5855769515037537,
        0.5840983986854553,
        0.6145405173301697,
        0.6109968423843384,
        0.5978147983551025,
        0.5850092768669128,
        0.6156399846076965,
        0.5844010710716248,
        0.5956676006317139,
        0.6412975192070007,
        0.623081386089325,
        0.6548219323158264,
        0.6255843043327332,
        0.6381189823150635,
        0.6386884450912476,
        0.6481084823608398,
        0.656899631023407,
        0.6287789940834045,
        0.6512702107429504,
        0.6402977108955383,
        0.6113032698631287,
        0.6371990442276001,
        0.6595146059989929,
        0.6619920134544373,
        0.6288548707962036,
        0.6632508635520935,
        0.6522603034973145,
        0.6502884030342102,
        0.6673234105110168,
        0.6354236602783203,
        0.6340460777282715,
        0.62980055809021,
        0.6466475129127502,
        0.6497551202774048,
        0.6401578187942505,
        0.6249756813049316,
        0.649687647819519,
        0.6324315071105957,
        0.6447425484657288,
        0.6523695588111877,
        0.6494730114936829,
        0.6525059342384338,
        0.6293132901191711,
        0.6394007802009583,
        0.639591634273529,
        0.6416152119636536,
        0.6611971259117126,
        0.6358016133308411,
        0.6477043032646179,
        0.6404194235801697,
        0.6574484705924988,
        0.6397866606712341,
        0.6392073035240173
    ]
}