{
    "epoch_loss_values": [
        1.025556410352389,
        0.8240101622498553,
        0.7016290513908162,
        0.640043603711658,
        0.5884927399456501,
        0.5224488228559494,
        0.5473323702812195,
        0.5199816192571933,
        0.49748807742788986,
        0.49330793755749863,
        0.46936334997920665,
        0.4259245736258371,
        0.47677252027723527,
        0.44995082144079535,
        0.4237960085272789,
        0.43005432188510895,
        0.4229430438530061,
        0.3863624185323715,
        0.37954437732696533,
        0.41118962969630957,
        0.4235954194567924,
        0.41033917389534136,
        0.3859943747520447,
        0.42759571281763226,
        0.3991029368092616,
        0.3775411346129009,
        0.37089100156141364,
        0.3772690173303872,
        0.3900715231895447,
        0.36157993134111166,
        0.3800428907076518,
        0.38023415364717184,
        0.37759082353844936,
        0.37416966408491137,
        0.33424767665565014,
        0.38088410622195196,
        0.3824683313568433,
        0.34628273183252756,
        0.37263385564661944,
        0.36403170842973015,
        0.3234173357486725,
        0.3442346196282994,
        0.35491463496829523,
        0.3676482222296975,
        0.3629648306153037,
        0.3555628756682078,
        0.32784709334373474,
        0.3261634439229965,
        0.3408459780944718,
        0.3440700997697546
    ],
    "metric_values": [
        0.45401883125305176,
        0.5342543721199036,
        0.5378258228302002,
        0.5887523293495178,
        0.6207022070884705,
        0.6304616332054138,
        0.6417415738105774,
        0.6917470097541809,
        0.6903996467590332,
        0.7018021941184998,
        0.7124977111816406,
        0.7091845870018005,
        0.705690324306488,
        0.6930985450744629,
        0.6857788562774658,
        0.7401420474052429,
        0.7111902236938477,
        0.7090926170349121,
        0.7329135537147522,
        0.754723846912384,
        0.7360331416130066,
        0.7340288162231445,
        0.725559413433075,
        0.7420610785484314,
        0.7323538661003113,
        0.7767236232757568,
        0.783823549747467,
        0.726507842540741,
        0.7759001851081848,
        0.7337154746055603,
        0.7254273295402527,
        0.7424969673156738,
        0.7404033541679382,
        0.7791246771812439,
        0.7546856999397278,
        0.7699448466300964,
        0.7674674987792969,
        0.7408246994018555,
        0.7668355107307434,
        0.7633506655693054,
        0.7455446124076843,
        0.763647735118866,
        0.7081159949302673,
        0.7919850945472717,
        0.7528595924377441,
        0.7731337547302246,
        0.7598657608032227,
        0.7621216773986816,
        0.7674808502197266,
        0.7412948608398438
    ],
    "asd_values": [
        71.162109375,
        45.4511833190918,
        33.67431640625,
        29.13054847717285,
        18.61519432067871,
        37.629520416259766,
        15.375493049621582,
        22.824813842773438,
        15.415492057800293,
        27.11077880859375,
        15.659744262695312,
        15.130699157714844,
        18.218399047851562,
        33.05986404418945,
        24.892946243286133,
        12.484309196472168,
        30.529525756835938,
        21.915964126586914,
        18.046232223510742,
        16.333457946777344,
        23.69093894958496,
        19.398771286010742,
        20.62682342529297,
        21.12646484375,
        21.746971130371094,
        20.852989196777344,
        14.94109058380127,
        19.738428115844727,
        15.3719482421875,
        25.508729934692383,
        26.15472984313965,
        24.955123901367188,
        13.238308906555176,
        12.380645751953125,
        17.756288528442383,
        17.43069839477539,
        15.012520790100098,
        9.813084602355957,
        14.946624755859375,
        20.273727416992188,
        25.91425323486328,
        10.819483757019043,
        12.5652494430542,
        12.42658519744873,
        12.948567390441895,
        21.636816024780273,
        20.56410026550293,
        24.73566246032715,
        12.333142280578613,
        29.136329650878906
    ],
    "iou_values": [
        0.3942229747772217,
        0.47570767998695374,
        0.47985854744911194,
        0.5268897414207458,
        0.5577504634857178,
        0.561547577381134,
        0.5823115706443787,
        0.6163002848625183,
        0.6187987327575684,
        0.6288534998893738,
        0.6372148990631104,
        0.636964738368988,
        0.6300927996635437,
        0.6080259680747986,
        0.6079288125038147,
        0.6669084429740906,
        0.6343222260475159,
        0.6302785277366638,
        0.657092809677124,
        0.6712556481361389,
        0.6538296341896057,
        0.6496620774269104,
        0.6429397463798523,
        0.6660172343254089,
        0.6539553999900818,
        0.7007684707641602,
        0.7093972563743591,
        0.6501073837280273,
        0.6963086128234863,
        0.6551418900489807,
        0.6509955525398254,
        0.6644240021705627,
        0.6646115183830261,
        0.7071883678436279,
        0.6818717122077942,
        0.688302755355835,
        0.6910679936408997,
        0.6686363220214844,
        0.6837803721427917,
        0.6795821785926819,
        0.6671354174613953,
        0.6908414959907532,
        0.6373807787895203,
        0.7160449624061584,
        0.6776344776153564,
        0.6998646855354309,
        0.6872913241386414,
        0.6932888031005859,
        0.6917946934700012,
        0.6647191643714905
    ]
}