{
    "epoch_loss_values": [
        1.2758670254288433,
        1.0356137417256832,
        0.9025095999240875,
        0.8064007893685372,
        0.7326710785392427,
        0.6722487392632858,
        0.6457389146089554,
        0.6195165378148438,
        0.5811972607395606,
        0.556431128790504,
        0.5358918879058335,
        0.523094586291156,
        0.5105950398190977,
        0.5085202804151571,
        0.4920746107896169,
        0.4852806622824393,
        0.46934734185536703,
        0.47843969569486733,
        0.45068497127956814,
        0.44555274520488763,
        0.4261669824520747,
        0.44821082172264537,
        0.42320268551508583,
        0.4275003306114871,
        0.43922130366166434,
        0.4077909921048855,
        0.4159824880815688,
        0.4095761222498758,
        0.40564668538669746,
        0.4074677845527386,
        0.40647272600067985,
        0.41463146629658615,
        0.3834960110982259,
        0.397604380876331,
        0.3831917132392074,
        0.3850083818306794,
        0.3870503663188881,
        0.3814949237563637,
        0.37768400005805186,
        0.36724168721299905,
        0.36064469011930317,
        0.3543250639648998,
        0.3515669224517686,
        0.3679444246105294,
        0.36559761991334516,
        0.3495171174106982,
        0.3660039760429284,
        0.35264458134770393,
        0.3467153549602587,
        0.3450886636306454,
        0.34294273890554905,
        0.3320169623211487,
        0.3518983292058834,
        0.32920526961485547,
        0.3199294710815963,
        0.3571896845543826,
        0.3449592343846658,
        0.3319641805830456,
        0.3188005012233515,
        0.3017986108336532
    ],
    "metric_values": [
        0.37943944334983826,
        0.47284454107284546,
        0.5021041631698608,
        0.5304440259933472,
        0.5347899198532104,
        0.5730243921279907,
        0.5753040313720703,
        0.6445189714431763,
        0.6507967114448547,
        0.635642409324646,
        0.642259418964386,
        0.6538342237472534,
        0.644116222858429,
        0.650971531867981,
        0.6622961759567261,
        0.6478433609008789,
        0.6557449102401733,
        0.6563296318054199,
        0.6404963731765747,
        0.6634849309921265,
        0.6615602970123291,
        0.6684356927871704,
        0.6674256324768066,
        0.6599071621894836,
        0.6656641960144043,
        0.6665149331092834,
        0.6475604176521301,
        0.6766243577003479,
        0.674613356590271,
        0.6725300550460815,
        0.6754500269889832,
        0.667077898979187,
        0.6689883470535278,
        0.6641924977302551,
        0.660027801990509,
        0.6620445251464844,
        0.6804826259613037,
        0.6621005535125732,
        0.701253354549408,
        0.6722923517227173,
        0.6843558549880981,
        0.6558499336242676,
        0.6678218841552734,
        0.6762799024581909,
        0.6820675134658813,
        0.6695403456687927,
        0.6701773405075073,
        0.6696053147315979,
        0.6895827054977417,
        0.7027686238288879,
        0.6580848097801208,
        0.6925466060638428,
        0.6516214609146118,
        0.656766414642334,
        0.6913820505142212,
        0.6834330558776855,
        0.6875311136245728,
        0.6120051741600037,
        0.6669331789016724,
        0.6777056455612183
    ],
    "asd_values": [
        50.775840759277344,
        48.490501403808594,
        39.443824768066406,
        Infinity,
        23.6436710357666,
        11.547979354858398,
        12.270584106445312,
        12.588203430175781,
        12.5040922164917,
        15.520105361938477,
        12.377752304077148,
        11.960386276245117,
        12.541558265686035,
        14.353445053100586,
        12.612278938293457,
        12.661138534545898,
        12.219874382019043,
        13.556097030639648,
        10.058431625366211,
        13.160299301147461,
        12.115341186523438,
        10.136066436767578,
        13.134557723999023,
        11.891075134277344,
        15.055590629577637,
        8.813349723815918,
        11.961526870727539,
        8.605999946594238,
        9.396610260009766,
        10.912353515625,
        10.764352798461914,
        10.433512687683105,
        8.93777847290039,
        10.751213073730469,
        10.714255332946777,
        11.723281860351562,
        9.366009712219238,
        12.903363227844238,
        9.286408424377441,
        13.053171157836914,
        9.669075965881348,
        10.746983528137207,
        11.49701976776123,
        12.725092887878418,
        9.767877578735352,
        14.519000053405762,
        10.369799613952637,
        11.894877433776855,
        13.179758071899414,
        11.777478218078613,
        11.202471733093262,
        9.770000457763672,
        13.381709098815918,
        10.35141658782959,
        12.647953033447266,
        11.148407936096191,
        11.792196273803711,
        10.639211654663086,
        12.423330307006836,
        14.388959884643555
    ],
    "iou_values": [
        0.3176487982273102,
        0.41500407457351685,
        0.44191232323646545,
        0.47417744994163513,
        0.46687936782836914,
        0.49938860535621643,
        0.507462203502655,
        0.5542906522750854,
        0.5561946034431458,
        0.5455001592636108,
        0.5493060350418091,
        0.5608193278312683,
        0.5565434694290161,
        0.5559189915657043,
        0.5681988000869751,
        0.5592146515846252,
        0.5594738721847534,
        0.5677410960197449,
        0.5557308197021484,
        0.5714250206947327,
        0.5656052827835083,
        0.5762333869934082,
        0.575440526008606,
        0.57032710313797,
        0.5707055330276489,
        0.5767075419425964,
        0.5491763353347778,
        0.5870894193649292,
        0.5842130184173584,
        0.5773850679397583,
        0.5824877619743347,
        0.5798413753509521,
        0.580112099647522,
        0.5785928964614868,
        0.5693683624267578,
        0.5648850202560425,
        0.5953853130340576,
        0.5664274096488953,
        0.6046160459518433,
        0.574149489402771,
        0.5940617322921753,
        0.5688158869743347,
        0.5810751914978027,
        0.5837554335594177,
        0.5918086171150208,
        0.5817055702209473,
        0.5768386125564575,
        0.5768968462944031,
        0.6002182960510254,
        0.6104447245597839,
        0.5727356672286987,
        0.599570095539093,
        0.566694438457489,
        0.5633934140205383,
        0.6005743741989136,
        0.5921354293823242,
        0.5943019986152649,
        0.5425376892089844,
        0.578875720500946,
        0.5904527306556702
    ],
    "test_metric_values": [
        0.4455094337463379,
        0.5142248868942261,
        0.6151361465454102,
        0.6158851385116577,
        0.6328337788581848,
        0.6124968528747559,
        0.6577059030532837,
        0.6054608225822449,
        0.6029077768325806,
        0.6263850927352905,
        0.6233596205711365,
        0.634342610836029,
        0.6493069529533386,
        0.651822566986084,
        0.6623492240905762,
        0.6672284007072449,
        0.6694520711898804,
        0.6194133758544922,
        0.6876782774925232,
        0.6879588961601257
    ],
    "test_hd_values": [],